Employee,Total_Sales
Jane Peacock,833.040000000002
Margaret Park,775.400000000001
Steve Johnson,720.160000000001
